eventId,index,filename,source,caption,url,bytes,contentType
"founders-stayed","1","founders-stayed/01-Real-founders-dinner-room-with-candlelit-tables-and-seated-guests.jpg","Flickr / St Anne's College","Real founders' dinner room with candlelit tables and seated guests","https://live.staticflickr.com/65535/53524858825_ce3ce3c1f1_b.jpg","156926","image/jpeg"
"founders-stayed","2","founders-stayed/02-Small-group-toast-around-a-shared-table.jpg","Merlijn","Small group toast around a shared table","https://cdn.prod.website-files.com/5fc64ac4a881e95acd1055c0/687f77a2a7ea3affc0899147__DSC5442.jpg","974058","image/jpeg"
"founders-stayed","3","founders-stayed/03-Close-table-conversation-over-wine-and-small-plates.jpg","Merlijn","Close table conversation over wine and small plates","https://cdn.prod.website-files.com/5fc64ac4a881e95acd1055c0/6874f4288d1c01696a12c3ce_EmptyName%2065%20(1).jpg","284944","image/jpeg"
"founders-stayed","4","founders-stayed/04-Family-style-plates-and-wine-in-a-cozy-setting.jpg","Merlijn","Family-style plates and wine in a cozy setting","https://cdn.prod.website-files.com/5fc64ac4a881e95acd1055c0/6874ef1fc4b182a4227fecb9__DSC7859.jpg","2697387","image/jpeg"
"ggp-picnic","1","ggp-picnic/01-Picnic-circle-on-the-Conservatory-of-Flowers-lawn.jpg","San Francisco Chronicle","Picnic circle on the Conservatory of Flowers lawn","https://s.hdnux.com/photos/01/43/76/62/26209414/7/rawImage.jpg","208268","image/jpeg"
"ggp-picnic","2","ggp-picnic/02-Bright-San-Francisco-picnic-spread-with-shared-food-and-blankets.jpg","Flickr / Markus Spiering","Bright San Francisco picnic spread with shared food and blankets","https://live.staticflickr.com/7450/10011017905_4e583b0988_b.jpg","306925","image/jpeg"
"ggp-picnic","3","ggp-picnic/03-Golden-Gate-Park-garden-setting-for-a-relaxed-afternoon.jpg","SFGate","Golden Gate Park garden setting for a relaxed afternoon","https://s.hdnux.com/photos/01/30/11/75/23109478/5/rawImage.jpg","1267972","image/jpeg"
"ggp-picnic","4","ggp-picnic/04-Conservatory-of-Flowers-in-Golden-Gate-Park.jpg","Openverse / Flickr","Conservatory of Flowers in Golden Gate Park","https://live.staticflickr.com/1541/25888739384_26f5d1712a_b.jpg","255721","image/jpeg"
"angel-island","1","angel-island/01-Picnic-table-on-the-ferry-with-Angel-Island-and-Bay-views.jpg","Weekend Sherpa","Picnic table on the ferry with Angel Island and Bay views","https://images.prismic.io/weekendsherpa/5fe0c486-9fb3-4d9b-9248-2e4df661eece_IMG_0047.jpg?auto=compress,format&w=1280&q=100","798740","image/jpeg"
"angel-island","2","angel-island/02-Angel-Island-ferry-crossing-the-Bay-with-the-San-Francisco-skyline-behind-it.jpg","Flickr / Moocha","Angel Island ferry crossing the Bay with the San Francisco skyline behind it","https://live.staticflickr.com/4025/4641174010_d3eb4501e3_b.jpg","116624","image/jpeg"
"angel-island","3","angel-island/03-Angel-Island-viewed-from-the-ferry-on-a-clear-Bay-day.jpg","Flickr / firepepper","Angel Island viewed from the ferry on a clear Bay day","https://live.staticflickr.com/3002/2608306481_3b2fa5eb9d_b.jpg","141317","image/jpeg"
"angel-island","4","angel-island/04-Picnic-setup-with-sweeping-San-Francisco-Bay-views.jpg","Weekend Sherpa","Picnic setup with sweeping San Francisco Bay views","https://images.prismic.io/weekendsherpa/c2b5e067-fc8d-4db1-b964-019bd5abeabc_IMG_0048.jpg?auto=compress%2Cformat&fit=max&w=1008&h=672","98885","image/jpeg"
"mission-murals","1","mission-murals/01-Clarion-Alley-mural-corridor-in-the-Mission-District.jpg","Flickr / sswj","Clarion Alley mural corridor in the Mission District","https://live.staticflickr.com/8475/8366012364_6045b70f71_b.jpg","365005","image/jpeg"
"mission-murals","2","mission-murals/02-Clarion-Alley-mural-corridor-in-the-Mission.jpg","Secret San Francisco","Clarion Alley mural corridor in the Mission","https://offloadmedia.feverup.com/secretsanfrancisco.com/wp-content/uploads/2020/02/04092144/clarion-alley-mural-project-1024x768.jpg","202705","image/jpeg"
"mission-murals","3","mission-murals/03-Women-s-Building-mural-detail-on-18th-Street.jpg","Secret San Francisco","Women's Building mural detail on 18th Street","https://offloadmedia.feverup.com/secretsanfrancisco.com/wp-content/uploads/2020/02/04092145/tihana16-%E2%80%A2--1024x767.jpg","217060","image/jpeg"
"mission-murals","4","mission-murals/04-Colorful-Clarion-Alley-mural-detail-for-the-walking-route.jpg","Flickr / Carolina Soto","Colorful Clarion Alley mural detail for the walking route","https://live.staticflickr.com/7276/7406308766_28ed5782df_b.jpg","278714","image/jpeg"
"chinatown-banquet","1","chinatown-banquet/01-Grant-Avenue-lanterns-glowing-at-night.jpg","Flickr","Grant Avenue lanterns glowing at night","https://live.staticflickr.com/65535/32930792147_df59434490_b.jpg","384704","image/jpeg"
"chinatown-banquet","2","chinatown-banquet/02-Dense-Chinatown-festival-crowd-under-lanterns-and-street-decorations.jpg","Flickr / David Yu","Dense Chinatown festival crowd under lanterns and street decorations","https://live.staticflickr.com/8566/16534511292_757d81d922_b.jpg","302766","image/jpeg"
"chinatown-banquet","3","chinatown-banquet/03-Dim-sum-table-in-San-Francisco-Chinatown.jpg","Flickr","Dim sum table in San Francisco Chinatown","https://live.staticflickr.com/2817/8750810657_72ac13ed05_b.jpg","118250","image/jpeg"
"chinatown-banquet","4","chinatown-banquet/04-Daytime-Chinatown-lantern-canopy-and-colorful-storefronts.jpg","Flickr / Pat_4light","Daytime Chinatown lantern canopy and colorful storefronts","https://live.staticflickr.com/65535/53379554224_000f7906be_b.jpg","437625","image/jpeg"
"wave-organ","1","wave-organ/01-People-at-the-Wave-Organ-with-bikes-Bay-water-and-bridge-views.jpg","Flickr / Frank Synopsis","People at the Wave Organ with bikes, Bay water, and bridge views","https://live.staticflickr.com/3185/3071108499_d3048e4873_b.jpg","200947","image/jpeg"
"wave-organ","2","wave-organ/02-Wave-Organ-on-the-Marina-waterfront.jpg","Wikimedia Commons","Wave Organ on the Marina waterfront","https://upload.wikimedia.org/wikipedia/commons/d/d2/Wave_Organ_-_San_Francisco%2C_CA_-_DSC02526.jpg","9509705","image/jpeg"
"wave-organ","3","wave-organ/03-Wave-Organ-stone-acoustic-sculpture.jpg","Wikimedia Commons","Wave Organ stone acoustic sculpture","https://upload.wikimedia.org/wikipedia/commons/1/1d/Wave_Organ_-_San_Francisco%2C_CA_-_DSC02528.jpg","14591610","image/jpeg"
"wave-organ","4","wave-organ/04-Wave-Organ-on-San-Francisco-Bay-with-shoreline-detail.jpg","Flickr / Bob Gunderson","Wave Organ on San Francisco Bay with shoreline detail","https://live.staticflickr.com/4863/39900783163_2b724f072d_b.jpg","236646","image/jpeg"
"stern-grove","1","stern-grove/01-Reserved-table-seating-with-a-direct-view-of-the-Stern-Grove-stage.jpg","Stern Grove Festival","Reserved table seating with a direct view of the Stern Grove stage","https://images.squarespace-cdn.com/content/v1/60412e150e5c1277769df1a8/c50386ae-461b-402e-a091-55990af3ab7a/Tegan+and+Sara+pkp-0346185+%286%29.jpg?format=1500w","573387","image/jpeg"
"stern-grove","2","stern-grove/02-Hosted-table-picnic-setup-inside-the-Grove.jpg","Stern Grove Festival","Hosted table picnic setup inside the Grove","https://images.squarespace-cdn.com/content/v1/60412e150e5c1277769df1a8/530ff6df-1db6-4bf1-8270-a31b6a74f083/1809-sterngrove-230820.jpg?format=1500w","467148","image/jpeg"
"stern-grove","3","stern-grove/03-Stageside-lounge-tables-before-the-concert-fills-in.jpg","Stern Grove Festival","Stageside lounge tables before the concert fills in","https://images.squarespace-cdn.com/content/v1/60412e150e5c1277769df1a8/05fab81f-e534-4ddd-9cda-98af04b41fe3/DSC02765+%285%29.JPG?format=1500w","444513","image/jpeg"
"stern-grove","4","stern-grove/04-Big-Picnic-lounge-guests-toasting-in-the-Grove.jpg","Stern Grove Festival","Big Picnic lounge guests toasting in the Grove","https://images.squarespace-cdn.com/content/v1/60412e150e5c1277769df1a8/c942a83d-3e02-4a4b-9592-7002a95107cc/BP+4.jpg","846626","image/jpeg"
"hardly-strictly","1","hardly-strictly/01-Official-Hardly-Strictly-stage-and-audience-view.jpg","Hardly Strictly Bluegrass","Official Hardly Strictly stage and audience view","https://hardlystrictlybluegrass.com/wp-content/uploads/2025/10/HSB25_Friday_Selects-9101.jpg","641766","image/jpeg"
"hardly-strictly","2","hardly-strictly/02-Golden-Gate-Park-crowd-from-the-official-2025-festival-photos.jpg","Hardly Strictly Bluegrass","Golden Gate Park crowd from the official 2025 festival photos","https://hardlystrictlybluegrass.com/wp-content/uploads/2025/10/HSB25_Friday_Selects-9623.jpg","724508","image/jpeg"
"hardly-strictly","3","hardly-strictly/03-Official-HSBTV-performance-still-from-the-Rooster-Stage.jpg","Hardly Strictly Bluegrass","Official HSBTV performance still from the Rooster Stage","https://hardlystrictlybluegrass.com/wp-content/uploads/2026/07/watchhouse-2025.jpg","261611","image/jpeg"
"hardly-strictly","4","hardly-strictly/04-Official-HSBTV-performance-still-from-the-Swan-Stage.jpg","Hardly Strictly Bluegrass","Official HSBTV performance still from the Swan Stage","https://hardlystrictlybluegrass.com/wp-content/uploads/2026/07/CIMAFUNK.jpg","172455","image/jpeg"
"makerspace-arcade","1","makerspace-arcade/01-Official-Musee-Mecanique-gallery-view-of-the-arcade-floor.jpg","Musée Mécanique","Official Musée Mécanique gallery view of the arcade floor","https://museemecanique.com/static/media/landing_0004_f.636cb665.jpg","902130","image/jpeg"
"makerspace-arcade","2","makerspace-arcade/02-Visitors-playing-vintage-arcade-machines-inside-Musee-Mecanique.jpg","Musée Mécanique","Visitors playing vintage arcade machines inside Musée Mécanique","https://museemecanique.com/static/media/landing_0002_f.307a75b7.jpg","772639","image/jpeg"
"makerspace-arcade","3","makerspace-arcade/03-Official-entrance-sign-at-Pier-45.jpg","Musée Mécanique","Official entrance sign at Pier 45","https://museemecanique.com/static/media/landing_0008_f.762e45c3.jpg","637621","image/jpeg"
"makerspace-arcade","4","makerspace-arcade/04-Hands-on-mechanical-attraction-from-the-official-Musee-collection.jpg","Musée Mécanique","Hands-on mechanical attraction from the official Musée collection","https://museemecanique.com/static/media/est_0009_f.c81db5d7.jpg","719821","image/jpeg"
"fleet-week","1","fleet-week/01-Blue-Angels-over-the-Golden-Gate-Bridge-from-the-official-Fleet-Week-site.jpg","San Francisco Fleet Week","Blue Angels over the Golden Gate Bridge from the official Fleet Week site","https://fleetweeksf.org/wp-content/uploads/2025/01/BA-Golden-Gate-Bridge.jpg","173579","image/jpeg"
"fleet-week","2","fleet-week/02-Official-Fleet-Week-air-show-flyover-above-the-waterfront.jpg","San Francisco Fleet Week","Official Fleet Week air show flyover above the waterfront","https://fleetweeksf.org/wp-content/uploads/2021/06/Home-Page-Ticker-3.jpg","4872126","image/jpeg"
"fleet-week","3","fleet-week/03-Official-air-show-formation-image-from-Fleet-Week.png","San Francisco Fleet Week","Official air show formation image from Fleet Week","https://fleetweeksf.org/wp-content/uploads/2025/10/Snowbirds-1200x796.png","1118582","image/png"
"fleet-week","4","fleet-week/04-Official-Fleet-Week-waterfront-ship-and-visitor-scene.jpg","San Francisco Fleet Week","Official Fleet Week waterfront ship and visitor scene","https://fleetweeksf.org/wp-content/uploads/2025/01/IMG_3372-1-scaled.jpg","722771","image/jpeg"
"litquake","1","litquake/01-Litquake-reading-in-a-packed-neighborhood-venue.jpg","Litquake","Litquake reading in a packed neighborhood venue","https://static.wixstatic.com/media/07f840_f4fa7893be7e4d9d9ac2702aa8a7db38~mv2.jpg","1465326","image/jpeg"
"litquake","2","litquake/02-Outdoor-Lit-Crawl-audience-gathered-around-a-storyteller.jpg","Litquake","Outdoor Lit Crawl audience gathered around a storyteller","https://static.wixstatic.com/media/07f840_416edc2d948a49b386f4aaee19fd9dcc~mv2.jpg","2771421","image/jpeg"
"litquake","3","litquake/03-Author-on-mic-during-a-Litquake-evening-program.jpg","Litquake","Author on mic during a Litquake evening program","https://static.wixstatic.com/media/07f840_ff43e1235ee743ba9ba75e6ede8035ea~mv2.jpg","232222","image/jpeg"
"litquake","4","litquake/04-Standing-room-literary-salon-with-readers-and-audience.jpg","Litquake","Standing-room literary salon with readers and audience","https://static.wixstatic.com/media/07f840_25447f051e3740868420d02fae5d3806~mv2.jpg","212864","image/jpeg"
"sketchfest","1","sketchfest/01-Packed-Sketchfest-theater-crowd-before-a-live-show.jpg","SF Sketchfest","Packed Sketchfest theater crowd before a live show","https://sfsketchfest.com/wp-content/uploads/2017/10/crowd.jpg","155110","image/jpeg"
"sketchfest","2","sketchfest/02-Live-Sketchfest-improv-showcase-group-photo.jpg","SF Sketchfest","Live Sketchfest improv showcase group photo","https://sfsketchfest.com/wp-content/uploads/2025/05/011925_SketchImprovShowcase1_byTommyLau_05.jpg","1013654","image/jpeg"
"sketchfest","3","sketchfest/03-Festival-performance-still-for-a-live-Sketchfest-program.jpg","SF Sketchfest","Festival performance still for a live Sketchfest program","https://sfsketchfest.com/wp-content/uploads/2019/12/1-MedicalPolice-min.jpg","54995","image/jpeg"
"sketchfest","4","sketchfest/04-Invited-talent-portrait-for-a-featured-Sketchfest-act.png","SF Sketchfest","Invited talent portrait for a featured Sketchfest act","https://sfsketchfest.com/wp-content/uploads/2024/12/Chris-Fleming-1.png","614172","image/png"
"south-bay-systems","1","south-bay-systems/01-Hands-on-demo-lab-at-the-Computer-History-Museum.jpg","Computer History Museum","Hands-on demo lab at the Computer History Museum","https://computerhistory.org/wp-content/uploads/2021/06/DEC_PDP-1_Demo_Lab_at_Mountain_Views_Computer_History_Museum-540x406-c-default.jpg","43208","image/jpeg"
"south-bay-systems","2","south-bay-systems/02-Chatbots-Decoded-entry-area-for-a-current-AI-focused-stop.jpg","Computer History Museum","Chatbots Decoded entry area for a current AI-focused stop","https://computerhistory.org/wp-content/uploads/2024/10/2024_10_ChatbotDecoded_Entrance-CS0001-scaled-540x406-c-default.jpg","42578","image/jpeg"
"south-bay-systems","3","south-bay-systems/03-Apple-prototypes-on-display-inside-the-museum.jpg","Computer History Museum","Apple prototypes on display inside the museum","https://computerhistory.org/wp-content/uploads/2026/03/2026-03-ApplePrototypes-001-540x406-c-default.jpg","29300","image/jpeg"
"south-bay-systems","4","south-bay-systems/04-Punched-cards-era-exhibit-wall-at-CHM.jpg","Computer History Museum","Punched-cards era exhibit wall at CHM","https://computerhistory.org/wp-content/uploads/2026/06/exhibits-header-revolution-punched-cards.jpg","117486","image/jpeg"
"stanford-berkeley-labs","1","stanford-berkeley-labs/01-Stanford-AMPF-prototyping-floor-and-tools.png","Stanford AMPF","Stanford AMPF prototyping floor and tools","https://ampf.stanford.edu/wp-content/uploads/2023/05/IMG_4716-2-1024x534.png","754061","image/png"
"stanford-berkeley-labs","2","stanford-berkeley-labs/02-Stanford-AMPF-printing-setup-in-action.png","Stanford AMPF","Stanford AMPF printing setup in action","https://ampf.stanford.edu/wp-content/uploads/2025/04/carbon-s2-printer-1.png","477018","image/png"
"stanford-berkeley-labs","3","stanford-berkeley-labs/03-Stanford-Brainstorm-team-in-a-real-collaboration-space.jpg","Stanford Brainstorm","Stanford Brainstorm team in a real collaboration space","https://images.squarespace-cdn.com/content/v1/6133dca9fc037602b6c15aa7/1954fa76-5452-42ad-b4b2-1327afe57bd0/Stanford+Brainstorm.jpeg","865302","image/jpeg"
"stanford-berkeley-labs","4","stanford-berkeley-labs/04-UC-Berkeley-Jacobs-Institute-design-and-prototyping-studio.jpg","UC Berkeley Jacobs Institute","UC Berkeley Jacobs Institute design and prototyping studio","https://jacobsinstitute.berkeley.edu/wp-content/uploads/2025/08/jacobs_site_bg1-1600x900.jpg","241228","image/jpeg"
"ai-frontier-visits","1","ai-frontier-visits/01-YC-founder-event-conversation-format-with-students-and-builders.png","Y Combinator","YC founder event conversation format with students and builders","https://www.ycombinator.com/blog/content/images/2023/04/summerconf.png","1345754","image/png"
"ai-frontier-visits","2","ai-frontier-visits/02-YC-In-the-Room-speaker-reference-for-a-frontier-AI-operator-session.jpg","Y Combinator","YC In the Room speaker reference for a frontier AI operator session","https://bookface-static.ycombinator.com/assets/ycdc/intheroomwith/greg-brockman-poster-compressed-745fb7cb848fa95ff24bad394777e3f8c3c6fbf079a5d632e3e478ef262518f1.jpg","62864","image/jpeg"
"ai-frontier-visits","3","ai-frontier-visits/03-Technical-founder-speaker-reference-for-an-intimate-Q-A.jpg","Y Combinator","Technical founder speaker reference for an intimate Q&A","https://bookface-static.ycombinator.com/assets/ycdc/intheroomwith/michael-truell-poster-compressed-b0a1598fd43a294adf4789b523b55512f20d348b26905185c9d0bb59a871e8d5.jpg","66852","image/jpeg"
"ai-frontier-visits","4","ai-frontier-visits/04-YC-In-the-Room-speaker-reference-for-alumni-only-technical-access.jpg","Y Combinator","YC In the Room speaker reference for alumni-only technical access","https://bookface-static.ycombinator.com/assets/ycdc/intheroomwith/dylan-field-poster-compressed-81895505876d8cc7e6104a541294bd90d0efd75bd538ae552880738174b70a8e.jpg","116954","image/jpeg"
"random-walk-dinners","1","random-walk-dinners/01-San-Francisco-courtyard-party-with-long-tables-and-warm-evening-energy.jpg","Flickr / SPUR","San Francisco courtyard party with long tables and warm evening energy","https://live.staticflickr.com/3895/14347291146_65e8e440f9_b.jpg","275178","image/jpeg"
"random-walk-dinners","2","random-walk-dinners/02-Moody-Bay-Area-supper-club-room-for-hosted-founder-tables.jpg","Flickr / Thomas Hawk","Moody Bay Area supper-club room for hosted founder tables","https://live.staticflickr.com/65535/49716314866_19ef1d29a7_b.jpg","299667","image/jpeg"
"random-walk-dinners","3","random-walk-dinners/03-Comfortable-restaurant-table-setting.jpg","Wikimedia Commons","Comfortable restaurant table setting","https://upload.wikimedia.org/wikipedia/commons/thumb/7/72/Restaurant_table_at_Amantaka_luxury_Resort_%26_Hotel_in_Luang_Prabang_Laos.jpg/960px-Restaurant_table_at_Amantaka_luxury_Resort_%26_Hotel_in_Luang_Prabang_Laos.jpg","112597","image/jpeg"
"random-walk-dinners","4","random-walk-dinners/04-Restaurant-dinner-table.jpg","Wikimedia Commons","Restaurant dinner table","https://upload.wikimedia.org/wikipedia/commons/thumb/2/26/Old_Fashioned_French_Dinner_Table%2C_Begue%27s_Restaurant_-_Hypolite_Begue_standing.jpg/500px-Old_Fashioned_French_Dinner_Table%2C_Begue%27s_Restaurant_-_Hypolite_Begue_standing.jpg","57415","image/jpeg"
"alamo-drafthouse-private-screening","1","alamo-drafthouse-private-screening/01-New-Mission-auditorium-for-a-private-founder-screening.jpg","EventUp / Alamo Drafthouse New Mission","New Mission auditorium for a private founder screening","https://venue-media.eventup.com/resized/venue/alamo-drafthouse-san-francisco-new-mission/f326.1920x1080.jpg","33142","binary/octet-stream"
"alamo-drafthouse-private-screening","2","alamo-drafthouse-private-screening/02-Bear-vs-Bull-bar-entrance-and-signature-bull-and-bear-visual.jpg","Eater SF","Bear vs Bull bar entrance and signature bull-and-bear visual","https://platform.sf.eater.com/wp-content/uploads/sites/28/chorus/uploads/chorus_asset/file/15622509/BearVsBull_NewMission_byTommyLau_07.0.0.1450297911.jpg?quality=90&strip=all&crop=0%2C0%2C100%2C100&w=2400","820994","image/jpeg"
"alamo-drafthouse-private-screening","3","alamo-drafthouse-private-screening/03-Bear-vs-Bull-bar-seating-and-cocktail-service.jpg","SFGate","Bear vs Bull bar seating and cocktail service","https://s.hdnux.com/photos/43/32/65/9284941/5/rawImage.jpg","483658","image/jpeg"
"alamo-drafthouse-private-screening","4","alamo-drafthouse-private-screening/04-Bear-vs-Bull-interior-atmosphere-before-or-after-the-film.webp","SFGate","Bear vs Bull interior atmosphere before or after the film","https://s.hdnux.com/photos/43/32/64/9284923/3/1080x0.webp","149852","image/webp"
"charter-muni-train-night-cruise","1","charter-muni-train-night-cruise/01-Historic-Muni-PCC-streetcar-lit-up-at-night.jpg","Flickr / Lights in my hometown","Historic Muni PCC streetcar lit up at night","https://live.staticflickr.com/8232/8540243581_2af9c55ee9_b.jpg","183380","image/jpeg"
"charter-muni-train-night-cruise","2","charter-muni-train-night-cruise/02-Vintage-streetcar-along-the-Embarcadero-waterfront.jpg","Market Street Railway","Vintage streetcar along the Embarcadero waterfront","https://www.streetcar.org/wp-content/uploads/578_1-Pier-39061422-Adolfo-Echeverry-copy-1024x683.jpg","155739","image/jpeg"
"charter-muni-train-night-cruise","3","charter-muni-train-night-cruise/03-Vintage-streetcar-cutting-through-a-cinematic-Market-Street-scene.jpg","Flickr / Carl's Captures","Vintage streetcar cutting through a cinematic Market Street scene","https://live.staticflickr.com/65535/53086153637_06c683d69a_b.jpg","198411","image/jpeg"
"charter-muni-train-night-cruise","4","charter-muni-train-night-cruise/04-Yellow-PCC-streetcar-passing-the-Ferry-Building-on-the-Embarcadero.jpg","Flickr / Guy Arab","Yellow PCC streetcar passing the Ferry Building on the Embarcadero","https://live.staticflickr.com/8722/16902360048_9dc2ee001c_b.jpg","201311","image/jpeg"
"ocean-beach-fire","1","ocean-beach-fire/01-Aerial-Ocean-Beach-view-with-the-shoreline-and-surf.webp","Golden Gate National Parks Conservancy","Aerial Ocean Beach view with the shoreline and surf","https://www.parksconservancy.org/sites/default/files/styles/card_2x/public/resource-gallery/OCBE_121021_FS_10_2x1_0.jpg.webp?itok=HeLYFz-q","201716","image/webp"
"ocean-beach-fire","2","ocean-beach-fire/02-Ocean-Beach-fire-pits-at-sunset.webp","Golden Gate National Parks Conservancy","Ocean Beach fire pits at sunset","https://www.parksconservancy.org/sites/default/files/styles/card_2x/public/resource-gallery/OCBE_170311_KW-3481_2x1.jpg.webp?itok=zdvBxXru","994300","image/webp"
"ocean-beach-fire","3","ocean-beach-fire/03-Families-and-friends-gathering-at-Ocean-Beach-at-sunset.webp","Golden Gate National Parks Conservancy","Families and friends gathering at Ocean Beach at sunset","https://www.parksconservancy.org/sites/default/files/styles/card_2x/public/resource-gallery/OCBE_20170113_PMM_0008_2x1.jpg.webp?itok=ILhDg58r","111384","image/webp"
"ocean-beach-fire","4","ocean-beach-fire/04-A-surfer-surveying-the-waves-at-Ocean-Beach.webp","Golden Gate National Parks Conservancy","A surfer surveying the waves at Ocean Beach","https://www.parksconservancy.org/sites/default/files/styles/card_2x/public/resource-gallery/OCBE_20190921_RCW_26_2x1.jpg.webp?itok=09ZyjO5k","121702","image/webp"
"lands-end","1","lands-end/01-Land-s-End-labyrinth-at-sunset.png","National Park Service","Land's End labyrinth at sunset","https://www.nps.gov/goga/learn/historyculture/images/Lands-End-Labyrinth.png","156929","image/png"
"lands-end","2","lands-end/02-Sutro-Baths-overlook-on-the-Land-s-End-route.jpg","Wikimedia Commons","Sutro Baths overlook on the Land's End route","https://upload.wikimedia.org/wikipedia/commons/thumb/1/17/Lands_End_-_Sutro_Baths_-_March_2018_%284678%29.jpg/960px-Lands_End_-_Sutro_Baths_-_March_2018_%284678%29.jpg","242927","image/jpeg"
"lands-end","3","lands-end/03-Mile-Rock-Beach-and-coastal-stop-below-the-trail.png","National Park Service","Mile Rock Beach and coastal stop below the trail","https://www.nps.gov/goga/learn/historyculture/images/Lands-End-Mile-Rocks-Beach.png","306509","image/png"
"lands-end","4","lands-end/04-Foggy-cypress-section-of-the-Land-s-End-trail.png","National Park Service","Foggy cypress section of the Land's End trail","https://www.nps.gov/goga/learn/historyculture/images/Fog_3.png","140182","image/png"
"presidio-forest","1","presidio-forest/01-Rob-Hill-forest-setting-for-a-quiet-guided-walk.jpg","Presidio Trust","Rob Hill forest setting for a quiet guided walk","https://wp.presidio.gov/wp-content/uploads/2023/07/2.1.70-Rob-Hill-Campground.jpg","512822","image/jpeg"
"presidio-forest","2","presidio-forest/02-Presidio-meadow-picnic-with-Golden-Gate-Bridge-views.jpg","Presidio Trust","Presidio meadow picnic with Golden Gate Bridge views","https://wp.presidio.gov/wp-content/uploads/2025/07/Presidio_OM_Image-by-Hollero-1080px.jpg","240635","image/jpeg"
"presidio-forest","3","presidio-forest/03-Presidio-Tunnel-Tops-landscape-for-a-polished-picnic-stop.jpg","Presidio Trust","Presidio Tunnel Tops landscape for a polished picnic stop","https://wp.presidio.gov/wp-content/uploads/2023/07/tunneltops2410b-1976.jpg","10465845","image/jpeg"
"presidio-forest","4","presidio-forest/04-Mountain-Lake-as-a-calmer-nature-stop-inside-the-Presidio.jpg","Presidio Trust","Mountain Lake as a calmer nature stop inside the Presidio","https://wp.presidio.gov/wp-content/uploads/2023/07/2.1.47-Mountain-Lake.jpg","487884","image/jpeg"
"marin-headlands","1","marin-headlands/01-Marin-Headlands-coastal-view-toward-the-Golden-Gate.jpg","National Park Service","Marin Headlands coastal view toward the Golden Gate","https://www.nps.gov/common/uploads/grid_builder/goga/crop1_1/C4006F85-EBAF-1CD0-556D4F624AB38AC0.jpg?width=640&quality=90&mode=crop","83413","image/jpeg"
"marin-headlands","2","marin-headlands/02-Headlands-ridge-stop-with-bay-and-bridge-views.jpg","National Park Service","Headlands ridge stop with bay and bridge views","https://www.nps.gov/common/uploads/grid_builder/goga/crop1_1/219DE2D3-FA03-9080-02EF4717CE1BB54B.jpg?width=640&quality=90&mode=crop","91865","image/jpeg"
"marin-headlands","3","marin-headlands/03-Rodeo-Beach-coastline-for-the-Sausalito-side-nature-day.jpg","National Park Service","Rodeo Beach coastline for the Sausalito-side nature day","https://www.nps.gov/common/uploads/grid_builder/goga/crop1_1/BF4EDA7F-1DD8-B71B-0B93E257F34F00FC.jpg?width=640&quality=90&mode=crop","127074","image/jpeg"
"marin-headlands","4","marin-headlands/04-Founder-scale-overlook-moment-in-the-Marin-Headlands.jpg","National Park Service","Founder-scale overlook moment in the Marin Headlands","https://www.nps.gov/common/uploads/grid_builder/goga/crop1_1/3AC3F450-F2DF-43EE-1264E03DA30EA896.jpg?width=640&quality=90&mode=crop","50809","image/jpeg"
"gg-bridge-bike","1","gg-bridge-bike/01-Riders-crossing-the-Golden-Gate-Bridge-on-the-bike-route.jpg","Blazing Saddles","Riders crossing the Golden Gate Bridge on the bike route","https://www.blazingsaddles.com/sites/default/files/styles/bike_category_banner/public/cover-images/2026-02/0128blazingsaddlesbridgeshoot-5_0.jpg?h=6c6dcce2&itok=svQEQUPk","362917","image/jpeg"
"gg-bridge-bike","2","gg-bridge-bike/02-Bridge-route-biking-with-the-towers-close-up.jpg","Blazing Saddles","Bridge-route biking with the towers close up","https://www.blazingsaddles.com/sites/default/files/tour-sidebar-images/2026-04/829-sausalito-bridge-ride.jpg","264750","image/jpeg"
"gg-bridge-bike","3","gg-bridge-bike/03-Small-group-pause-while-crossing-the-Golden-Gate-Bridge.png","Blazing Saddles","Small group pause while crossing the Golden Gate Bridge","https://www.blazingsaddles.com/sites/default/files/slideshow-image/2026-05/crossing-the-bridge.PNG","8239193","image/png"
"gg-bridge-bike","4","gg-bridge-bike/04-Group-ride-energy-with-the-bay-behind-the-route.jpg","Blazing Saddles","Group ride energy with the bay behind the route","https://www.blazingsaddles.com/sites/default/files/styles/bike_category_banner/public/cover-images/2019-05/BS-Web-Image-66_0.jpg?itok=Y8lDb_wy","162506","image/jpeg"
"bay-sail","1","bay-sail/01-Sailboat-on-San-Francisco-Bay-with-Golden-Gate-views.jpg","Flickr / Andy Sum","Sailboat on San Francisco Bay with Golden Gate views","https://live.staticflickr.com/4104/5176761586_745b9babc7_b.jpg","148501","image/jpeg"
"bay-sail","2","bay-sail/02-Boats-sailing-off-Tiburon-in-the-San-Francisco-Bay.jpg","Wikimedia Commons","Boats sailing off Tiburon in the San Francisco Bay","https://upload.wikimedia.org/wikipedia/commons/thumb/6/67/Boats_sailing_off_Tiburon_in_the_San_Francisco_Bay.jpg/960px-Boats_sailing_off_Tiburon_in_the_San_Francisco_Bay.jpg","113760","image/jpeg"
"bay-sail","3","bay-sail/03-Boats-sailing-off-Tiburon-in-the-San-Francisco-Bay-131.jpg","Wikimedia Commons","Boats sailing off Tiburon in the San Francisco Bay 131","https://upload.wikimedia.org/wikipedia/commons/thumb/f/f6/Boats_sailing_off_Tiburon_in_the_San_Francisco_Bay_131.jpg/960px-Boats_sailing_off_Tiburon_in_the_San_Francisco_Bay_131.jpg","137501","image/jpeg"
"bay-sail","4","bay-sail/04-Sailboat-in-San-Francisco-Bay.jpg","Wikimedia Commons","Sailboat in San Francisco Bay","https://upload.wikimedia.org/wikipedia/commons/b/b1/Sailboat_in_San_Francisco_Bay.jpg","2737996","image/jpeg"
"kayak-sup","1","kayak-sup/01-Kayakers-on-Richardson-Bay-near-Sausalito.jpg","Flickr","Kayakers on Richardson Bay near Sausalito","https://live.staticflickr.com/7395/12461616355_3f5f875b57_b.jpg","236695","image/jpeg"
"kayak-sup","2","kayak-sup/02-Group-kayaking-on-the-Bay-with-city-water-context.jpg","Flickr / 350.org","Group kayaking on the Bay with city-water context","https://live.staticflickr.com/2471/4043864773_3069f13cba_b.jpg","163766","image/jpeg"
"kayak-sup","3","kayak-sup/03-Paddling-near-Sausalito-with-waterfront-and-hills-behind.jpg","Flickr / Scott Hess","Paddling near Sausalito with waterfront and hills behind","https://live.staticflickr.com/65535/52263900310_e5f5d82ed3_b.jpg","333717","image/jpeg"
"kayak-sup","4","kayak-sup/04-Kayak-group-on-calm-Bay-water-for-a-low-key-founder-outing.jpg","Flickr","Kayak group on calm Bay water for a low-key founder outing","https://live.staticflickr.com/65535/51349870516_b35dd94ea7_b.jpg","190662","image/jpeg"
"exploratorium-after-dark","1","exploratorium-after-dark/01-Exploratorium-After-Dark-hands-on-science-event.jpg","Exploratorium / Flickr","Exploratorium After Dark hands-on science event","https://live.staticflickr.com/5070/5617646014_9d1372dba5_c.jpg","78832","image/jpeg"
"exploratorium-after-dark","2","exploratorium-after-dark/02-Exploratorium-After-Dark-visitors-with-hands-on-exhibits-and-cocktails.jpg","Exploratorium / Flickr","Exploratorium After Dark visitors with hands-on exhibits and cocktails","https://live.staticflickr.com/4052/5076761048_3b966f3661_c.jpg","86263","image/jpeg"
"exploratorium-after-dark","3","exploratorium-after-dark/03-Exploratorium-entrance-at-Pier-15-SF-Nov-2015.jpg","Wikimedia Commons","Exploratorium entrance at Pier 15, SF (Nov 2015)","https://upload.wikimedia.org/wikipedia/commons/9/92/Exploratorium_entrance_at_Pier_15%2C_SF_%28Nov_2015%29.jpg","4158421","image/jpeg"
"exploratorium-after-dark","4","exploratorium-after-dark/04-Exploratorium-After-Dark-event-activity-inside-the-museum.jpg","Exploratorium / Flickr","Exploratorium After Dark event activity inside the museum","https://live.staticflickr.com/6122/6032997455_d94f7fb1f8_c.jpg","96485","image/jpeg"
"palace-games-attraction","1","palace-games-attraction/01-The-Attraction-room-environment-from-Palace-Games.jpg","Palace Games","The Attraction room environment from Palace Games","https://palace-games.com/wp-content/uploads/2025/03/Attraction_Carousel_1.jpg","222108","image/jpeg"
"palace-games-attraction","2","palace-games-attraction/02-Puzzle-room-detail-from-The-Attraction.jpg","Palace Games","Puzzle-room detail from The Attraction","https://palace-games.com/wp-content/uploads/2025/03/Attraction_Carousel_2.jpg","225887","image/jpeg"
"palace-games-attraction","3","palace-games-attraction/03-Immersive-set-piece-from-the-Palace-Games-experience.jpg","Palace Games","Immersive set piece from the Palace Games experience","https://palace-games.com/wp-content/uploads/2025/03/Attraction_Carousel_5.jpg","198341","image/jpeg"
"palace-games-attraction","4","palace-games-attraction/04-Team-building-room-setup-for-a-private-founder-group.webp","Palace Games","Team-building room setup for a private founder group","https://palace-games.com/wp-content/uploads/2025/06/team-building-room-page3-copy.webp","113954","image/webp"
"long-now","1","long-now/01-Long-Now-salon-event-at-The-Interval.jpg","Long Now","Long Now salon event at The Interval","https://static.longnow.org/2025/07/interval-020250422-carson-web-thornton-1036.jpg","216713","image/jpeg"
"long-now","2","long-now/02-Long-Now-speaker-programming-reference.jpg","Long Now","Long Now speaker programming reference","https://static.longnow.org/2026/04/Eric-Ries-.jpg","142020","image/jpeg"
"long-now","3","long-now/03-Thoughtful-science-and-future-oriented-salon-format.jpg","Long Now","Thoughtful science and future-oriented salon format","https://static.longnow.org/2025/10/lynn-rothschild-.jpg","190107","image/jpeg"
"long-now","4","long-now/04-Long-Now-talk-artwork-for-a-future-thinking-founder-discussion.jpg","Long Now","Long Now talk artwork for a future-thinking founder discussion","https://static.longnow.org/2025/08/life-intelligence-consciousness----1-.jpg","242180","image/jpeg"
"artist-studio-hop","1","artist-studio-hop/01-Minnesota-Street-Project-gallery-opening-with-large-scale-media-work.jpg","Flickr / r00s","Minnesota Street Project gallery opening with large-scale media work","https://live.staticflickr.com/8733/28447344565_1d7e183d21_b.jpg","197163","image/jpeg"
"artist-studio-hop","2","artist-studio-hop/02-Open-Studio-gallery-wall-during-a-San-Francisco-studio-event.jpg","Flickr / Tarin Towers","Open Studio gallery wall during a San Francisco studio event","https://live.staticflickr.com/31/61853807_54b705da5a_b.jpg","92431","image/jpeg"
"artist-studio-hop","3","artist-studio-hop/03-Artwork-installed-at-Minnesota-Street-Project.jpg","Flickr / Steve Rhodes","Artwork installed at Minnesota Street Project","https://live.staticflickr.com/65535/51667560966_cea9ff48d9_b.jpg","53872","image/jpeg"
"artist-studio-hop","4","artist-studio-hop/04-Contemporary-gallery-work-at-Minnesota-Street-Project.jpg","Flickr / Steve Rhodes","Contemporary gallery work at Minnesota Street Project","https://live.staticflickr.com/65535/54998482780_ef3c23226f_b.jpg","147453","image/jpeg"
"haight-ramble","1","haight-ramble/01-Amoeba-Music-on-Haight-Street.jpg","Flickr / lolita montana","Amoeba Music on Haight Street","https://live.staticflickr.com/4199/35117718692_dfe4518e99_b.jpg","268587","image/jpeg"
"haight-ramble","2","haight-ramble/02-Rainbow-mural-in-Haight-Ashbury.jpg","Flickr / Wally Gobetz","Rainbow mural in Haight-Ashbury","https://live.staticflickr.com/2456/3965275109_ba3d333e51_b.jpg","297050","image/jpeg"
"haight-ramble","3","haight-ramble/03-Amoeba-Music-Haight-Ashbury-storefront.jpg","Flickr / EP Holcomb","Amoeba Music Haight-Ashbury storefront","https://live.staticflickr.com/8299/7988985829_bdf65bcd97_b.jpg","186293","image/jpeg"
"haight-ramble","4","haight-ramble/04-Haight-Ashbury-neighborhood-mural.jpg","Flickr / Boortz47","Haight-Ashbury neighborhood mural","https://live.staticflickr.com/4908/31985715758_9ca2db7d10_b.jpg","255957","image/jpeg"
"seward-slides","1","seward-slides/01-Looking-down-the-steep-Seward-Street-concrete-slides.jpg","Inside Guide to San Francisco","Looking down the steep Seward Street concrete slides","https://www.inside-guide-to-san-francisco-tourism.com/images/seward-slides-top-view.jpg","124429","image/jpeg"
"seward-slides","2","seward-slides/02-The-two-concrete-chutes-at-Seward-Mini-Park.jpg","Inside Guide to San Francisco","The two concrete chutes at Seward Mini Park","https://www.inside-guide-to-san-francisco-tourism.com/images/seward-street-slides-drop.jpg","120662","image/jpeg"
"seward-slides","3","seward-slides/03-Seward-Mini-Park-view-of-the-slides-and-surrounding-greenery.jpg","Inside Guide to San Francisco","Seward Mini Park view of the slides and surrounding greenery","https://www.inside-guide-to-san-francisco-tourism.com/images/seward-slides-park-view.jpg","90292","image/jpeg"
"seward-slides","4","seward-slides/04-Top-of-the-Seward-Street-Slides-before-the-ride-down.jpg","Inside Guide to San Francisco","Top of the Seward Street Slides before the ride down","https://www.inside-guide-to-san-francisco-tourism.com/images/seward-slides-top.jpg","91479","image/jpeg"
"tiled-stairs","1","tiled-stairs/01-16th-Avenue-Tiled-Steps-mosaic-stairway.jpg","Flickr / Tom Hilton","16th Avenue Tiled Steps mosaic stairway","https://live.staticflickr.com/3910/14594555866_a50b5f765d_b.jpg","379323","image/jpeg"
"tiled-stairs","2","tiled-stairs/02-View-from-the-16th-Avenue-Tiled-Steps.jpg","Flickr / gregpoo","View from the 16th Avenue Tiled Steps","https://live.staticflickr.com/5091/5423105390_2fc5386f13_b.jpg","293840","image/jpeg"
"tiled-stairs","3","tiled-stairs/03-Hidden-Garden-Steps-in-San-Francisco-s-Inner-Sunset.jpg","Flickr","Hidden Garden Steps in San Francisco's Inner Sunset","https://live.staticflickr.com/3763/19045346713_9c02156571_b.jpg","267700","image/jpeg"
"tiled-stairs","4","tiled-stairs/04-Moraga-16th-Avenue-mosaic-stairs-detail.jpg","Flickr / Riex","Moraga / 16th Avenue mosaic stairs detail","https://live.staticflickr.com/3755/20015222128_53f28b5d73_b.jpg","329908","image/jpeg"
"spark-social","1","spark-social/01-Spark-Social-SF-food-truck-park-in-Mission-Bay.jpg","Spark Social SF","Spark Social SF food-truck park in Mission Bay","https://visitsparksocial.com/wp-content/uploads/sites/8202/2024/01/DJI_0383-2-1.jpg","1566613","image/jpeg"
"spark-social","2","spark-social/02-Spark-Social-SF-pop-up-food-trucks-in-Mission-Bay.jpg","Flickr / Sergio Ruiz","Spark Social SF pop-up food trucks in Mission Bay","https://live.staticflickr.com/4904/44133753320_ebffdca1da_b.jpg","369780","image/jpeg"
"spark-social","3","spark-social/03-Casual-outdoor-seating-and-food-truck-gathering-space.jpg","Spark Social SF","Casual outdoor seating and food-truck gathering space","https://visitsparksocial.com/wp-content/uploads/sites/8202/2025/12/DSC00589-1-1.jpg","884912","image/jpeg"
"spark-social","4","spark-social/04-Food-truck-vendor-moment-at-Spark-Social.jpg","Spark Social SF","Food-truck vendor moment at Spark Social","https://visitsparksocial.com/wp-content/uploads/sites/8202/2025/12/senor-sisig-spark-2.jpg","992368","image/jpeg"
"ferry-building-market","1","ferry-building-market/01-Ferry-Plaza-Farmers-Market-tents-and-crowds-outside-the-Ferry-Building.jpg","Foodwise","Ferry Plaza Farmers Market tents and crowds outside the Ferry Building","https://foodwise.org/wp-content/uploads/2026/01/Ferry_Plaza_FM_Photo_Logo_Foodwise.jpg","487422","image/jpeg"
"ferry-building-market","2","ferry-building-market/02-Back-plaza-market-activity-with-chefs-vendors-and-gathering-space.jpg","Foodwise","Back plaza market activity with chefs, vendors, and gathering space","https://foodwise.org/wp-content/uploads/2025/09/FPFM_Chefs_Back_Plaza_2024_Foodwise.jpg","552778","image/jpeg"
"ferry-building-market","3","ferry-building-market/03-Ferry-Plaza-lunch-crowd-and-vendor-scene.jpg","Foodwise","Ferry Plaza lunch crowd and vendor scene","https://foodwise.org/wp-content/uploads/2025/09/FPFM_Thursday_Lunch_2024_Foodwise.jpg","707585","image/jpeg"
"ferry-building-market","4","ferry-building-market/04-Market-stand-with-shoppers-and-prepared-food-energy.jpg","Foodwise","Market stand with shoppers and prepared-food energy","https://foodwise.org/wp-content/uploads/2021/11/CUESA_EUS_stand-1.jpg","1071236","image/jpeg"
"japantown-food","1","japantown-food/01-Japantown-Peace-Plaza-and-neighborhood-arrival-moment.jpg","SF Japantown","Japantown Peace Plaza and neighborhood arrival moment","https://www.sfjapantown.org/wp-content/uploads/2019/12/japantown-hero.jpg","622433","image/jpeg"
"japantown-food","2","japantown-food/02-Japantown-sushi-and-restaurant-stop.jpg","SF Japantown","Japantown sushi and restaurant stop","https://www.sfjapantown.org/wp-content/uploads/2019/11/eat-sushi-1.jpg","258462","image/jpeg"
"japantown-food","3","japantown-food/03-Cultural-food-stop-for-a-Japantown-tasting-route.jpg","SF Japantown","Cultural food stop for a Japantown tasting route","https://www.sfjapantown.org/wp-content/uploads/2019/11/experience-cultural-cuisine-600x450.jpg","45416","image/jpeg"
"japantown-food","4","japantown-food/04-Japantown-shops-and-street-level-exploration.jpg","SF Japantown","Japantown shops and street-level exploration","https://www.sfjapantown.org/wp-content/uploads/2019/11/Explore-JapantownSF.jpg","170432","image/jpeg"
"north-beach-chinatown","1","north-beach-chinatown/01-North-Beach-deli-tasting-stop-with-a-guide-and-small-group.jpg","Happy To Visit","North Beach deli tasting stop with a guide and small group","https://i.happytovisit.com/tour/san-francisco-north-beach-chinatown-food-history-tour-t431357-1.jpg","100075","image/jpeg"
"north-beach-chinatown","2","north-beach-chinatown/02-Chinatown-sidewalk-food-tour-stop-with-a-guide.jpg","Happy To Visit","Chinatown sidewalk food-tour stop with a guide","https://i.happytovisit.com/tour/san-francisco-north-beach-chinatown-authentic-food-tour-t510294-1.jpg","114126","image/jpeg"
"north-beach-chinatown","3","north-beach-chinatown/03-Walking-route-through-North-Beach-and-Chinatown-tasting-stops.jpg","Happy To Visit","Walking route through North Beach and Chinatown tasting stops","https://i.happytovisit.com/tour/san-francisco-north-beach-chinatown-food-history-tour-t431357-3.jpg","101336","image/jpeg"
"north-beach-chinatown","4","north-beach-chinatown/04-Small-group-neighborhood-food-walk-between-Chinatown-and-North-Beach.jpg","Happy To Visit","Small-group neighborhood food walk between Chinatown and North Beach","https://i.happytovisit.com/tour/san-francisco-north-beach-chinatown-authentic-food-tour-t510294-4.jpg","52031","image/jpeg"
"giants-game","1","giants-game/01-Sunny-Oracle-Park-game-with-a-full-crowd-and-bay-views.jpg","SF Tourism Tips","Sunny Oracle Park game with a full crowd and bay views","https://www.sftourismtips.com/images/giants-oracle-july.jpg","181013","image/jpeg"
"giants-game","2","giants-game/02-Giants-home-game-atmosphere-at-Oracle-Park.jpg","SF Tourism Tips","Giants home-game atmosphere at Oracle Park","https://www.sftourismtips.com/images/giants-august.jpg","100340","image/jpeg"
"giants-game","3","giants-game/03-Oracle-Park-group-outing-view-from-the-stands.jpg","SF Tourism Tips","Oracle Park group outing view from the stands","https://www.sftourismtips.com/images/sf-giants-september.jpg","106638","image/jpeg"
"giants-game","4","giants-game/04-Evening-Giants-game-with-crowd-energy-and-field-view.jpg","SF Tourism Tips","Evening Giants game with crowd energy and field view","https://www.sftourismtips.com/images/giants-home-game-october.jpg","172930","image/jpeg"
"warriors-game","1","warriors-game/01-Warriors-home-game-inside-Chase-Center-with-the-court-and-crowd-visible.jpg","SF Tourism Tips","Warriors home game inside Chase Center with the court and crowd visible","https://www.sftourismtips.com/images/warriors-march-sports.jpg","174074","image/jpeg"
"warriors-game","2","warriors-game/02-Chase-Center-basketball-night-with-fans-in-the-arena.jpg","SF Tourism Tips","Chase Center basketball night with fans in the arena","https://www.sftourismtips.com/images/warriors-november-sports.jpg","228185","image/jpeg"
"warriors-game","3","warriors-game/03-Chase-Center-premium-lounge-setting-for-pregame-or-postgame-hosting.jpg","Chase Center","Chase Center premium lounge setting for pregame or postgame hosting","https://cdn.warriors.com/chasecenter_com/cc-courtsidelounge-2.jpg","254879","image/jpeg"
"warriors-game","4","warriors-game/04-Private-event-hospitality-setup-inside-Chase-Center.jpg","Chase Center","Private-event hospitality setup inside Chase Center","https://cdn.warriors.com/chasecenter_com/cc-host-private-event.jpg","242758","image/jpeg"
"founder-run-club","1","founder-run-club/01-Golden-Gate-Running-Club-group-run-with-a-friendly-social-feel.jpg","Golden Gate Running Club","Golden Gate Running Club group run with a friendly, social feel","https://images.squarespace-cdn.com/content/v1/6689abcbd4412e3dec1377be/2cf367ef-5d85-48ca-8299-1314ebc32f1d/IMG_5674.jpg","978182","image/jpeg"
"founder-run-club","2","founder-run-club/02-Small-pace-group-on-a-foggy-San-Francisco-route.jpg","Golden Gate Running Club","Small pace group on a foggy San Francisco route","https://images.squarespace-cdn.com/content/v1/6689abcbd4412e3dec1377be/52ae59b4-7d23-435c-a005-9da4641e02d7/IMG_5886.jpg","765626","image/jpeg"
"founder-run-club","3","founder-run-club/03-Sunny-post-run-group-photo-before-coffee-or-brunch.jpg","Golden Gate Running Club","Sunny post-run group photo before coffee or brunch","https://images.squarespace-cdn.com/content/v1/6689abcbd4412e3dec1377be/1780887593401-Z83KZZP6CJNC9F8CLLMH/image-asset.jpeg","1368882","image/jpeg"
"founder-run-club","4","founder-run-club/04-Trail-style-SF-run-option-for-a-higher-energy-founder-group.jpg","Golden Gate Running Club","Trail-style SF run option for a higher-energy founder group","https://images.squarespace-cdn.com/content/v1/6689abcbd4412e3dec1377be/e29321e5-c761-4b64-9ed5-abc4efd11f27/IMG_5959.jpg","1457704","image/jpeg"
"climbing-night","1","climbing-night/01-Movement-San-Francisco-rope-walls-and-climbing-terrain.jpg","Movement San Francisco","Movement San Francisco rope walls and climbing terrain","https://movementgyms.com/app/uploads/sites/30/2025/12/rope-climbing_SFO_MVMT_2025_039-1600x1067.jpg","326873","image/jpeg"
"climbing-night","2","climbing-night/02-Climber-on-a-Movement-SF-wall-during-a-rope-session.jpg","Movement San Francisco","Climber on a Movement SF wall during a rope session","https://movementgyms.com/app/uploads/sites/30/2025/12/rope-climbing_SFO_MVMT_2025_066-1024x683.jpg","126158","image/jpeg"
"climbing-night","3","climbing-night/03-Bouldering-area-at-Movement-San-Francisco.jpg","Movement San Francisco","Bouldering area at Movement San Francisco","https://movementgyms.com/app/uploads/sites/30/2025/12/bouldering_SFO_MVMT_2025_050-1600x1067.jpg","303292","image/jpeg"
"climbing-night","4","climbing-night/04-Small-group-getting-coaching-before-a-bouldering-session.jpg","Movement San Francisco","Small group getting coaching before a bouldering session","https://movementgyms.com/app/uploads/sites/30/2025/12/bouldering-programs_SFO_MVMT_2025_001-1024x683.jpg","115918","image/jpeg"
"yoga-brunch","1","yoga-brunch/01-Outdoor-Yoga-SF-beach-class-with-the-Golden-Gate-Bridge-in-view.png","Outdoor Yoga SF","Outdoor Yoga SF beach class with the Golden Gate Bridge in view","https://images.squarespace-cdn.com/content/v1/62193ba47263892475701d45/d8a89dd8-242b-41ca-9c0c-1bdab3fe8b63/Screen+Shot+2022-04-17+at+2.37.15+PM.png","1183935","image/png"
"yoga-brunch","2","yoga-brunch/02-Waterfront-yoga-setting-for-a-calm-morning-founder-event.jpg","Outdoor Yoga SF","Waterfront yoga setting for a calm morning founder event","https://images.squarespace-cdn.com/content/v1/62193ba47263892475701d45/2d90198a-9b45-4731-a6f7-07e36dbe3e9b/water.jpg","87130","image/jpeg"
"yoga-brunch","3","yoga-brunch/03-Group-yoga-moment-outdoors-closer-to-the-actual-class-experience.jpg","Outdoor Yoga SF","Group yoga moment outdoors, closer to the actual class experience","https://images.squarespace-cdn.com/content/v1/62193ba47263892475701d45/002d229a-919a-4fc3-8341-a716f8dab28b/other.jpg","32970","image/jpeg"
"yoga-brunch","4","yoga-brunch/04-Treasure-Island-waterfront-setting-for-a-brunch-with-views-option.jpg","Treasure Island San Francisco","Treasure Island waterfront setting for a brunch-with-views option","https://cms.tisf.com/wp-content/uploads/2026/04/og-image.jpg","441548","image/jpeg"
"coastal-cleanup","1","coastal-cleanup/01-Ocean-Beach-cleanup-volunteers-with-buckets.webp","Golden Gate National Parks Conservancy","Ocean Beach cleanup volunteers with buckets","https://www.parksconservancy.org/sites/default/files/styles/card_2x/public/resource-gallery/OCBE_20190921_RCW_3_2x1.jpg.webp?itok=IjdKQQL5","182522","image/webp"
"coastal-cleanup","2","coastal-cleanup/02-Cleanup-check-in-table-at-Ocean-Beach.webp","Golden Gate National Parks Conservancy","Cleanup check-in table at Ocean Beach","https://www.parksconservancy.org/sites/default/files/styles/card_2x/public/resource-gallery/OCBE_20190921_RCW_1_2x1.jpg.webp?itok=xlUqBqM2","59154","image/webp"
"coastal-cleanup","3","coastal-cleanup/03-California-Coastal-Cleanup-Day-volunteer-collecting-litter-near-the-Bay.jpg","California Coastal Commission","California Coastal Cleanup Day volunteer collecting litter near the Bay","https://www.coastal.ca.gov/publiced/ccd/gallery/29.jpg","69639","image/jpeg"
"coastal-cleanup","4","coastal-cleanup/04-Cleanup-group-with-recovered-shoreline-debris.jpg","California Coastal Commission","Cleanup group with recovered shoreline debris","https://www.coastal.ca.gov/publiced/ccd/gallery/30.jpg","119324","image/jpeg"
"sunday-streets-founder-ride","1","sunday-streets-founder-ride/01-Open-street-play-and-activity-zone-at-Sunday-Streets-SF.jpg","Sunday Streets SF","Open street play and activity zone at Sunday Streets SF","https://sundaystreetssf.com/wp-content/uploads/2017/01/WEB_EX_GAMEROS_1057.jpg","249865","image/jpeg"
"sunday-streets-founder-ride","2","sunday-streets-founder-ride/02-Bike-friendly-Sunday-Streets-setup.jpg","Sunday Streets SF","Bike-friendly Sunday Streets setup","https://sundaystreetssf.com/wp-content/uploads/2017/01/DSC6435-e1484159605757.jpg","183454","image/jpeg"
"sunday-streets-founder-ride","3","sunday-streets-founder-ride/03-Neighborhood-street-activation-with-music-and-local-energy.jpg","Sunday Streets SF","Neighborhood street activation with music and local energy","https://sundaystreetssf.com/wp-content/uploads/2021/12/DSC0440_FotorAutoT2Tv10Tcsharp5Lw-40-scaled.jpg","705466","image/jpeg"
"sunday-streets-founder-ride","4","sunday-streets-founder-ride/04-Sunday-Streets-performance-and-crowd-moment.jpg","Sunday Streets SF","Sunday Streets performance and crowd moment","https://sundaystreetssf.com/wp-content/uploads/2017/01/WEB_TL_GAMEROS_IMG_9356.jpg","140107","image/jpeg"
"downtown-first-thursdays","1","downtown-first-thursdays/01-Downtown-First-Thursdays-street-crowd-on-2nd-Street.jpg","Downtown First Thursdays","Downtown First Thursdays street crowd on 2nd Street","https://images.squarespace-cdn.com/content/v1/66035432ff74660bfd13c29e/056a8945-e4ce-420d-a106-dfab47da4dd2/CrowdShots_3.jpg","541577","image/jpeg"
"downtown-first-thursdays","2","downtown-first-thursdays/02-Night-crowd-and-stage-energy-at-DFT.jpg","Downtown SF","Night crowd and stage energy at DFT","https://img.ctykit.com/cdn/ca-downtown-sf/images/tr:w-1800/dscf5605.jpg","348095","image/jpeg"
"downtown-first-thursdays","3","downtown-first-thursdays/03-DFT-street-scene-with-food-vendors-and-downtown-crowds.jpg","Downtown SF","DFT street scene with food, vendors, and downtown crowds","https://img.ctykit.com/cdn/ca-downtown-sf/images/tr:w-1800/dscf7507.jpg","474083","image/jpeg"
"downtown-first-thursdays","4","downtown-first-thursdays/04-Packed-downtown-block-party-moment-at-DFT.jpg","Downtown SF","Packed downtown block party moment at DFT","https://img.ctykit.com/cdn/ca-downtown-sf/images/tr:w-1800/crowd-shot-and-doloresaurus.jpg","332343","image/jpeg"
"yerba-buena-festival","1","yerba-buena-festival/01-Outdoor-concert-crowd-at-Yerba-Buena-Gardens-Festival.jpg","Yerba Buena Gardens Festival","Outdoor concert crowd at Yerba Buena Gardens Festival","https://ybgfestival.org/wp-content/uploads/2024/11/102624_KOKOROKO_JadaImani_creditAmalBisharat_DSC_5964.jpg","1363352","image/jpeg"
"yerba-buena-festival","2","yerba-buena-festival/02-Festival-performance-on-the-Yerba-Buena-stage.jpg","Yerba Buena Gardens Festival","Festival performance on the Yerba Buena stage","https://ybgfestival.org/wp-content/uploads/2016/10/Las-Cafeteras-with-flowers.jpg","152020","image/jpeg"
"yerba-buena-festival","3","yerba-buena-festival/03-Dance-performance-in-the-Gardens.jpg","Yerba Buena Gardens Festival","Dance performance in the Gardens","https://ybgfestival.org/wp-content/uploads/2020/01/071319_RAWDance_creditAmalBisharatPhotography_0953.jpg","131638","image/jpeg"
"yerba-buena-festival","4","yerba-buena-festival/04-Yerba-Buena-Gardens-event-lawn-and-performance-setting.jpg","Yerba Buena Gardens","Yerba Buena Gardens event lawn and performance setting","https://yerbabuenagardens.org/wp-content/uploads/2024/08/festival-hero.jpg","395743","image/jpeg"
"sandcastle-classic","1","sandcastle-classic/01-Leap-Sandcastle-Classic-team-build-on-Ocean-Beach.jpg","Leap Sandcastle Classic","Leap Sandcastle Classic team build on Ocean Beach","https://leapsandcastleclassic.org/wp-content/uploads/2016/05/22643441870_f1f416a4d0_o-1024x683.jpg","128885","image/jpeg"
"sandcastle-classic","2","sandcastle-classic/02-Large-scale-sculptural-sandcastle-at-the-competition.jpg","Leap Sandcastle Classic","Large-scale sculptural sandcastle at the competition","https://leapsandcastleclassic.org/wp-content/uploads/2016/05/castle-sanddroids.jpg","121338","image/jpeg"
"sandcastle-classic","3","sandcastle-classic/03-Finished-sand-sculpture-with-crowds-on-Ocean-Beach.jpg","Leap Arts in Education","Finished sand sculpture with crowds on Ocean Beach","https://images.squarespace-cdn.com/content/v1/58dc5176d1758edf8484a234/1494883681627-WZVKK1A429UGBQ55RD6S/22817914782_8d7d77ae71_k.jpg","1233829","image/jpeg"
"sandcastle-classic","4","sandcastle-classic/04-Sandcastle-Classic-beach-build-with-teams-and-spectators.jpg","Leap Arts in Education","Sandcastle Classic beach build with teams and spectators","https://images.squarespace-cdn.com/content/v1/58dc5176d1758edf8484a234/1494883681734-36KMPSH0LXLYOKBE4MVO/30088664004_28c0dd3155_k.jpg","429223","image/jpeg"
"bay-area-passport","1","bay-area-passport/01-YC-founder-group-gathering-as-the-anchor-for-passport-style-programming.png","Y Combinator","YC founder group gathering as the anchor for passport-style programming","https://www.ycombinator.com/blog/content/images/2022/09/ycombinator_announcement_1200x603-1.png","719981","image/png"
"bay-area-passport","2","bay-area-passport/02-Presidio-outdoor-gathering-checkpoint-for-a-city-exploration-passport.jpg","Presidio","Presidio outdoor gathering checkpoint for a city-exploration passport","https://wp.presidio.gov/wp-content/uploads/2026/04/A7R00699.jpg","5225826","image/jpeg"
"bay-area-passport","3","bay-area-passport/03-Golden-Gate-viewpoint-stop-for-a-Bay-Area-passport-route.jpg","Presidio","Golden Gate viewpoint stop for a Bay Area passport route","https://wp.presidio.gov/wp-content/uploads/2024/04/CharityVargasPhoto_BatteryEast_I1C9785-1.jpg","546662","image/jpeg"
"bay-area-passport","4","bay-area-passport/04-Visitor-center-style-checkpoint-for-stamps-routes-and-group-meetups.jpg","Presidio","Visitor-center style checkpoint for stamps, routes, and group meetups","https://wp.presidio.gov/wp-content/uploads/2023/07/2.1.66-Presidio-Visitor-Center.jpg","303182","image/jpeg"